Went to bed;Woke up;Sleep Quality;Time in bed (seconds);Time asleep (seconds);Asleep after (seconds);Regularity;Did snore;Snore time (seconds);Not my snoring (seconds);Coughing (per hour);Steps;Weather temperature (°C);Weather type;Air Pressure (Pa);City;Breathing disruptions (per hour);Ambient noise (dB);Ambient light (lux);Alertness score;Alertness reaction time (seconds);Alertness accuracy;Movements per hour;Wake up window start;Wake up window stop;Notes
2025-01-25 22:51:43;2025-01-26 07:08:14;85%;29790;22938;595;—;false;0;0;1.3293052;0;;;;;0.0;32.14848;0.0625;;;;46.916313;;;
2025-01-26 23:00:04;2025-01-27 01:38:08;27%;9484;6322;189;53%;false;0;0;2.27752;0;;;;;0.0;32.735294;0.0;;;;45.50827;;;
2025-01-27 02:49:25;2025-01-27 08:36:38;25%;20832;16735;416;53%;false;0;0;1.0368663;0;;;;;0.0;32.228764;0.0625;;;;74.89471;;;
2025-01-28 00:48:09;2025-01-28 08:33:46;82%;27936;18810;558;40%;false;0;0;1.2886598;0;;;;;0.0;32.16611;0.0;;;;52.669544;;;
2025-01-29 23:17:38;2025-01-30 07:30:11;91%;29553;22558;591;53%;false;0;0;0.9745204;0;;;;;0.0;32.96676;0.0;;;;47.623844;;;
2025-04-09 23:36:06;2025-04-10 08:00:22;57%;30256;22692;605;—;false;0;0;0.71390796;0;;;;;0.0;30.788998;0.0;;;;85.008804;;;
2025-04-10 22:49:19;2025-04-11 07:30:35;98%;31276;23248;625;89%;false;0;0;0.6906254;0;;;;;0.0;32.11052;0.0;;;;46.71148;;;
2025-04-11 22:58:30;2025-04-12 07:11:56;81%;29605;21809;592;93%;false;0;0;0.8512076;0;;;;;0.0;31.162321;0.0;;;;62.178387;;;
2025-04-12 22:56:07;2025-04-13 08:00:09;86%;32641;29159;652;93%;false;0;0;0.5514537;0;;;;;0.0;30.983116;0.0;;;;66.67105;;;
2025-04-13 22:47:51;2025-04-14 08:17:39;83%;34187;29856;683;95%;false;0;0;0.73712236;0;;;;;0.0;31.273281;0.0;;;;70.55527;;;
2025-04-14 23:32:54;2025-04-15 08:29:18;86%;32183;28965;643;94%;false;0;0;0.8948824;0;;;;;0.0;31.083302;0.0;;;;67.54309;;;
2025-04-15 22:51:22;2025-04-16 07:53:11;73%;32508;27198;650;93%;false;0;0;0.55370986;0;;;;;0.0;30.717354;0.0;;;;83.619286;;;
2025-04-17 23:03:04;2025-04-18 07:38:10;86%;30906;23694;618;93%;false;0;0;1.1648223;0;17 ;Claros;;;0.0;31.493656;0.0;;;;66.08985;;;
2025-04-18 23:17:45;2025-04-19 07:30:17;44%;29551;24527;591;97%;false;0;0;0.60911644;0;;;;;0.0;23.58297;0.0;;;;116.313034;;;
2025-04-19 23:03:16;2025-04-20 07:26:06;60%;30169;22928;603;97%;false;0;0;0.9546223;0;;;;;0.0;23.572338;0.0;;;;115.035614;;;
2025-04-20 21:33:11;2025-04-21 08:09:35;39%;38183;32583;763;92%;false;0;0;1.5085247;0;17 ;Nuboso;101.9;Arrecife;0.0;23.875359;0.0;;;;191.20377;;;
2025-04-21 22:48:52;2025-04-22 07:44:46;87%;32154;27223;643;88%;false;0;0;1.4554955;0;17 ;Claros;101.78;;0.0;23.583984;0.0;;;;92.27289;;;
2025-04-22 23:29:34;2025-04-23 07:30:19;73%;28845;22980;576;87%;false;0;0;1.6224649;0;;;;;0.0;23.66577;0.0;;;;113.74481;;;
2025-04-23 23:07:05;2025-04-24 06:59:47;76%;28362;23824;567;90%;false;0;0;0.2538608;0;;;;;0.0;23.62766;0.0;;;;99.90254;;;
2025-04-25 00:04:24;2025-04-25 07:17:46;70%;26001;20974;520;92%;false;0;0;0.69228107;0;;;;;0.0;23.664013;0.0;;;;96.930084;;;
2025-04-25 22:33:27;2025-04-26 07:28:27;77%;32100;26215;642;89%;false;0;0;1.5700934;0;;;;;0.0;23.62003;0.0;;;;129.32045;;;
2025-04-29 23:22:41;2025-04-30 07:24:22;68%;28901;23988;578;—;false;0;0;1.7438843;0;;;;;0.0;23.632587;0.0;;;;134.32541;;;
2025-05-01 22:54:57;2025-05-02 07:41:44;93%;31606;27497;632;94%;false;0;0;1.8224387;0;;;;Arrecife;0.0;23.708927;0.0;;;;77.94159;;;
2025-05-02 23:35:04;2025-05-03 08:05:00;84%;30595;24782;611;92%;false;0;0;0.5883314;0;16 ;Claros;101.96;Arrecife;0.0;23.591236;0.0;;;;96.50727;;;
2025-05-03 22:55:38;2025-05-04 07:23:08;86%;30450;25273;609;90%;false;0;0;1.5369458;0;;;;;0.0;23.77819;0.0;;;;88.19367;;;
2025-05-05 23:48:46;2025-05-06 07:32:25;65%;27819;23739;556;90%;false;0;0;2.588159;0;17 ;Nuboso;;;0.0;23.699228;0.0;;;;136.23535;;;
2025-05-07 23:41:58;2025-05-08 07:29:52;76%;28073;22739;561;99%;false;0;0;1.7953193;0;;;;;0.0;23.705307;0.0;;;;102.67845;;;
2025-05-08 23:05:07;2025-05-09 07:29:16;86%;30249;27728;604;97%;false;0;0;2.1422195;0;16 ;Claros;101.28;;0.0;23.653189;0.0;;;;91.54428;;;
2025-05-09 23:18:45;2025-05-10 07:39:47;80%;30061;26754;601;96%;false;0;0;2.5148864;0;;;;;0.0;23.617697;0.0;;;;108.212425;;;
2025-05-11 23:19:07;2025-05-12 07:31:09;71%;29522;25881;590;98%;false;0;0;2.804688;0;17 ;Soleado;101.659996;;0.0;23.665352;0.0;;;;134.39534;;;
2025-05-13 00:09:28;2025-05-13 08:02:04;65%;28355;24669;567;94%;false;0;0;1.6505026;0;17 ;Claros;101.740005;;0.0;23.725737;0.0;;;;145.19403;;;
2025-05-13 23:25:35;2025-05-14 07:10:22;73%;27886;23424;557;88%;false;0;0;2.8401349;0;;;;;0.0;23.610622;0.0;;;;115.369194;;;
2025-05-14 22:40:38;2025-05-15 06:55:49;87%;29711;25947;594;89%;false;0;0;3.51385;0;;;;;0.0;23.576332;0.0;;;;86.1155;;;
2025-05-15 23:32:34;2025-05-16 07:56:17;85%;30223;22768;604;88%;false;0;0;2.024948;0;17 ;Soleado;;;0.0;23.636288;0.0;;;;97.43611;;;
2025-05-16 22:47:05;2025-05-17 07:11:13;81%;30248;24098;604;88%;false;0;0;0.5950806;0;;;;;0.0;23.64271;0.0;;;;111.80437;;;
2025-05-17 23:12:39;2025-05-18 07:09:00;85%;28580;23055;571;89%;false;0;0;0.50384885;0;;;;;0.0;23.740608;0.0;;;;84.10453;;;
2025-05-18 23:20:11;2025-05-19 07:34:23;68%;29651;25599;593;93%;false;0;0;0.24282485;0;18 ;Nuboso;;;0.0;23.595766;0.0;;;;147.47896;;;
2025-05-19 22:30:21;2025-05-20 07:20:12;95%;31791;26280;635;94%;false;0;0;1.8118335;0;18 ;Nuboso;;;0.0;23.650158;0.0;;;;80.946045;;;
2025-05-20 22:06:21;2025-05-21 07:24:41;88%;33500;29591;670;94%;false;0;0;0.7522388;0;;;;;0.0;23.636616;0.0;;;;109.4931;;;
2025-05-21 23:02:34;2025-05-22 07:21:59;73%;29964;26768;599;93%;false;0;0;0.24028833;0;;;;;0.0;23.593956;0.0;;;;135.22691;;;
2025-05-22 23:10:19;2025-05-23 07:45:43;88%;30924;26388;618;94%;false;0;0;1.2805588;0;18 ;Soleado;101.81;;0.0;23.595188;0.0;;;;97.411766;;;
2025-05-24 23:45:56;2025-05-25 21:39:50;78%;78833;70424;1576;37%;false;0;0;5.708269;0;20 ;Nuboso;101.79;;0.0;23.936989;9.75;;;;139.15471;;;
2025-05-26 23:46:26;2025-05-27 07:52:34;51%;29167;25862;583;0%;false;0;0;1.1108445;0;18 ;Nuboso;101.93;;0.0;23.6431;0.0;;;;203.73276;;;
2025-05-27 23:30:52;2025-05-28 20:54:45;75%;77032;71640;1540;0%;false;0;0;3.458303;0;21 ;Nuboso;;;0.0;23.719118;11.1375;;;;157.68645;;;
2025-05-28 23:30:59;2025-05-29 07:00:20;79%;26960;20849;539;0%;false;0;0;1.735905;0;;;;;0.0;23.55365;0.0;;;;92.919754;;;
2025-05-29 23:40:10;2025-05-30 07:39:35;79%;28764;24066;575;22%;false;0;0;0.37546936;0;;;;;0.0;23.555984;0.0;;;;112.519066;;;
2025-05-30 22:34:11;2025-05-31 07:51:50;97%;33459;27324;669;55%;false;0;0;0.6455662;0;18 ;Nuboso;;;0.0;23.595066;0.0;;;;87.282166;25-05-31 07:50:00;25-05-31 08:00:00;
2025-05-31 23:13:22;2025-06-01 07:20:46;81%;29244;24370;584;91%;false;0;0;0.24620436;0;;;;;0.0;23.61871;0.0;;;;109.59036;25-06-01 07:20:00;25-06-01 07:30:00;
2025-06-01 22:56:44;2025-06-02 07:41:44;92%;31499;25409;629;91%;false;0;0;1.3714721;0;19 ;Nuboso;101.9;;0.0;23.615225;0.0;;;;94.15913;25-06-02 07:50:00;25-06-02 08:00:00;
2025-06-02 22:45:58;2025-06-03 07:50:53;80%;32694;29207;653;94%;false;0;0;0.7707836;0;19 ;Nuboso;;;0.0;23.714897;0.0;;;;140.55524;25-06-03 07:50:00;25-06-03 08:00:00;
2025-06-03 23:52:05;2025-06-04 07:20:23;62%;26898;23490;537;93%;false;0;0;1.3383894;0;;;;;0.0;23.81625;0.0;;;;156.83751;25-06-04 07:20:00;25-06-04 07:30:00;
2025-06-05 00:17:10;2025-06-05 07:22:14;63%;25503;22103;510;93%;false;0;0;0.98811907;0;;;;;0.0;23.808893;0.0;;;;143.56549;25-06-05 07:20:00;25-06-05 07:30:00;
2025-06-05 23:07:55;2025-06-06 07:50:16;90%;31341;26639;626;90%;false;0;0;1.4932517;0;18 ;Claros;;;0.0;23.64275;0.0;;;;102.04602;25-06-06 07:50:00;25-06-06 08:00:00;
2025-06-06 23:41:57;2025-06-07 07:51:15;86%;29358;24660;587;93%;false;0;0;1.7167382;0;18 ;Nuboso;;;0.0;23.65532;0.0;;;;97.05106;25-06-07 07:50:00;25-06-07 08:00:00;
2025-06-07 23:36:06;2025-06-08 07:20:59;77%;27892;21942;557;92%;false;0;0;1.4197619;0;;;;;0.0;23.64259;0.0;;;;111.283455;25-06-08 07:20:00;25-06-08 07:30:00;
2025-06-08 23:21:44;2025-06-09 07:22:08;90%;28823;25844;576;96%;false;0;0;0.9992021;0;18 ;Soleado;;;0.0;23.57499;0.0;;;;77.22869;25-06-09 07:20:00;25-06-09 07:30:00;
2025-06-09 23:16:09;2025-06-10 07:50:19;83%;30849;26941;616;96%;false;0;0;0.7001847;0;18 ;Nuboso;;Arrecife;0.0;23.760323;0.0;;;;120.10744;25-06-10 07:50:00;25-06-10 08:00:00;
2025-06-10 22:59:36;2025-06-11 07:21:31;93%;30114;24593;602;96%;false;0;0;1.793186;0;;;;Arrecife;0.0;23.732899;0.0;;;;79.41828;25-06-11 07:20:00;25-06-11 07:30:00;
2025-06-11 23:33:36;2025-06-12 07:20:23;76%;28006;22311;560;95%;false;0;0;0.8998072;0;;;;;0.0;23.702744;0.0;;;;115.92879;25-06-12 07:20:00;25-06-12 07:30:00;
2025-06-12 23:11:27;2025-06-13 07:39:29;99%;30481;24384;609;94%;false;0;0;1.4172763;0;19 ;Nuboso;;;0.0;23.615612;0.0;;;;64.57978;25-06-13 07:50:00;25-06-13 08:00:00;
2025-06-13 23:14:23;2025-06-14 07:52:23;87%;31080;26418;621;96%;false;0;0;1.6216216;0;20 ;Claros;;;0.0;23.87364;0.0;;;;107.0264;25-06-14 07:50:00;25-06-14 08:00:00;
2025-06-14 23:14:00;2025-06-15 07:20:44;85%;29203;21610;584;96%;false;0;0;1.1094751;0;;;;;0.0;23.764961;0.0;;;;98.40118;25-06-15 07:20:00;25-06-15 07:30:00;
2025-06-16 22:44:10;2025-06-17 07:50:17;80%;32766;28506;655;94%;false;0;0;1.5381799;0;19 ;Nuboso;;Arrecife;0.0;23.648499;0.0;;;;139.22885;25-06-17 07:50:00;25-06-17 08:00:00;
2025-06-17 23:38:49;2025-06-18 07:20:36;68%;27707;21796;554;90%;false;0;0;1.0394485;0;19 ;Nuboso;;Arrecife;0.0;23.795801;0.0;;;;140.41882;25-06-18 07:20:00;25-06-18 07:30:00;
2025-06-18 23:35:28;2025-06-19 07:25:39;76%;28211;24825;564;94%;false;0;0;0.7656588;0;19 ;Claros;;Arrecife;0.0;23.85584;0.0;;;;119.70355;25-06-19 07:20:00;25-06-19 07:30:00;
2025-06-19 22:58:40;2025-06-20 07:52:40;85%;32039;27447;640;93%;false;0;0;1.910172;0;19 ;Nuboso;;;0.0;23.709332;0.0;;;;123.43624;25-06-20 07:50:00;25-06-20 08:00:00;
2025-06-20 23:02:38;2025-06-21 07:50:09;87%;31650;26375;633;96%;false;0;0;0.56872034;0;19 ;Nuboso;;;0.0;23.892391;0.0;;;;114.74101;25-06-21 07:50:00;25-06-21 08:00:00;
2025-06-22 23:14:27;2025-06-23 07:51:39;92%;31032;24618;620;99%;false;0;0;1.1600928;0;19 ;Soleado;101.94;;0.0;24.835114;0.0;;;;94.79807;25-06-23 07:50:00;25-06-23 08:00:00;
2025-06-23 22:21:09;2025-06-24 07:16:39;88%;32130;25490;642;93%;false;0;0;0.44817927;0;19 ;Nuboso;101.78;;0.0;23.663143;0.0;;;;115.320175;25-06-24 07:50:00;25-06-24 08:00:00;
2025-06-24 23:15:23;2025-06-25 07:20:44;86%;29121;24267;582;90%;false;0;0;0.7417328;0;;;;;0.0;23.712158;0.0;;;;94.81245;25-06-25 07:20:00;25-06-25 07:30:00;
2025-06-26 00:00:23;2025-06-26 07:00:23;42%;25200;22764;504;90%;false;0;0;0.0;0;;;;;0.0;23.752218;0.0;;;;218.3464;25-06-26 06:50:00;25-06-26 07:00:00;
2025-06-27 00:18:22;2025-06-27 07:29:03;70%;25840;20241;516;92%;false;0;0;1.1145511;0;20 ;Claros;101.68;;0.0;23.7417;0.0;;;;121.53376;25-06-27 07:50:00;25-06-27 08:00:00;
2025-06-27 23:42:10;2025-06-28 07:44:09;97%;28918;24387;578;92%;false;0;0;1.4938792;0;20 ;Soleado;;;0.0;23.806524;0.0;;;;54.021458;25-06-28 07:50:00;25-06-28 08:00:00;
2025-06-28 23:32:39;2025-06-29 07:21:34;84%;28135;21194;562;94%;false;0;0;0.89568156;0;;;;;0.0;23.687649;0.0;;;;91.17031;25-06-29 07:20:00;25-06-29 07:30:00;
2025-06-30 00:14:43;2025-06-30 07:55:11;74%;27628;22378;552;93%;false;0;0;1.1727233;0;20 ;Nuboso;;;0.0;23.797808;0.0;;;;124.71386;25-06-30 07:50:00;25-06-30 08:00:00;
2025-07-01 22:36:27;2025-07-02 07:21:00;75%;31472;26436;629;86%;false;0;0;0.2287748;0;20 ;Nuboso;;Arrecife;0.0;23.789532;0.0;;;;153.0305;25-07-02 07:20:00;25-07-02 07:30:00;
2025-07-03 00:03:10;2025-07-03 07:36:57;76%;27227;22962;544;84%;false;0;0;0.92555183;0;20 ;Nuboso;;Arrecife;0.0;23.697405;0.0;;;;114.09644;25-07-03 07:50:00;25-07-03 08:00:00;
2025-07-03 23:55:58;2025-07-04 07:35:40;87%;27581;23076;551;92%;false;0;0;0.26104927;0;;;;;0.0;23.65443;0.0;;;;77.5909;25-07-04 07:50:00;25-07-04 08:00:00;
2025-07-04 23:06:40;2025-07-05 07:40:37;96%;30837;25081;616;92%;false;0;0;0.35022864;0;;;;;0.0;23.581268;0.0;;;;79.5846;25-07-05 07:50:00;25-07-05 08:00:00;
2025-07-05 23:50:00;2025-07-06 07:42:52;63%;28371;24305;567;95%;false;0;0;0.6344507;0;21 ;Nuboso;;;0.0;23.9606;0.0;;;;169.94496;25-07-06 07:50:00;25-07-06 08:00:00;
2025-07-07 00:05:18;2025-07-07 07:44:27;77%;27549;22498;550;95%;false;0;0;0.7840575;0;20 ;Nuboso;;;0.0;23.548138;0.0;;;;113.41074;25-07-07 07:50:00;25-07-07 08:00:00;
2025-07-07 23:19:41;2025-07-08 07:54:53;92%;30912;26069;618;95%;false;0;0;0.6987577;0;20 ;Nuboso;;;0.0;23.542938;0.0;;;;95.10422;25-07-08 07:50:00;25-07-08 08:00:00;
2025-07-08 22:59:28;2025-07-09 07:20:21;89%;30053;26246;601;94%;false;0;0;0.3593651;0;;;;;0.0;23.574726;0.0;;;;95.6082;25-07-09 07:20:00;25-07-09 07:30:00;
2025-07-09 23:36:40;2025-07-10 07:20:11;82%;27811;23268;556;93%;false;0;0;0.25889036;0;;;;;0.0;23.710115;0.0;;;;98.32446;25-07-10 07:20:00;25-07-10 07:30:00;
2025-07-10 23:43:44;2025-07-11 07:30:10;92%;27985;22015;559;95%;false;0;0;1.1577631;0;;;;;0.0;23.801132;0.0;;;;61.438213;25-07-11 07:50:00;25-07-11 08:00:00;
2025-07-11 23:44:59;2025-07-12 07:51:03;79%;29164;24303;583;96%;false;0;0;1.2343985;0;20 ;Claros;;;0.0;23.693771;0.0;;;;121.897575;25-07-12 07:50:00;25-07-12 08:00:00;
2025-07-12 22:50:13;2025-07-13 07:20:38;87%;30625;26031;612;94%;false;0;0;0.7053061;0;;;;;0.0;23.707394;0.0;;;;107.4902;25-07-13 07:20:00;25-07-13 07:30:00;
2025-07-13 22:58:02;2025-07-14 07:22:39;76%;30277;25533;605;95%;false;0;0;0.832315;0;20 ;Nuboso;;Arrecife;0.0;23.766106;0.0;;;;138.41626;25-07-14 07:20:00;25-07-14 07:30:00;
2025-07-14 23:30:15;2025-07-15 07:51:13;82%;30058;25850;601;93%;false;0;0;0.7186107;0;20 ;Nuboso;;;0.0;23.871243;0.0;;;;120.028534;25-07-15 07:50:00;25-07-15 08:00:00;
2025-07-15 23:14:40;2025-07-16 06:39:55;83%;26714;22440;534;93%;false;0;0;0.2695216;0;;;;;0.0;23.58878;0.0;;;;80.38514;25-07-16 07:20:00;25-07-16 07:30:00;
2025-07-16 23:32:33;2025-07-17 07:20:33;80%;28080;22651;561;90%;false;0;0;0.25641024;0;;;;;0.0;23.677486;0.0;;;;107.75303;25-07-17 07:20:00;25-07-17 07:30:00;
2025-07-17 23:46:18;2025-07-18 07:51:03;76%;29085;24722;581;91%;false;0;0;2.475503;0;;;;;0.0;24.000565;0.0;;;;130.52962;25-07-18 07:50:00;25-07-18 08:00:00;
2025-07-18 23:30:24;2025-07-19 07:50:12;87%;29988;25290;599;94%;false;0;0;0.84033614;0;20 ;Nuboso;;;0.0;23.82022;0.0;;;;100.33668;25-07-19 07:50:00;25-07-19 08:00:00;
2025-07-19 22:58:08;2025-07-20 07:20:35;86%;30146;24519;602;94%;false;0;0;0.47767532;0;;;;;0.0;23.9891;0.0;;;;105.36374;25-07-20 07:20:00;25-07-20 07:30:00;
2025-07-20 23:08:39;2025-07-21 07:11:03;78%;28943;24312;578;95%;false;0;0;0.49752963;0;21 ;Claros;101.490005;;0.0;23.714247;0.0;;;;121.40362;25-07-21 07:50:00;25-07-21 08:00:00;
2025-07-21 22:38:55;2025-07-22 07:13:43;89%;30888;26358;617;95%;false;0;0;0.46620047;0;21 ;Nuboso;101.729996;Arrecife;0.0;23.61473;0.0;;;;103.56457;25-07-22 07:50:00;25-07-22 08:00:00;
2025-07-22 23:07:19;2025-07-23 07:20:25;82%;29585;24358;591;96%;false;0;0;0.48673314;0;;;;;0.0;23.615187;0.0;;;;115.214966;25-07-23 07:20:00;25-07-23 07:30:00;
2025-07-27 23:11:21;2025-07-28 07:14:49;81%;29007;24269;580;—;false;0;0;0.12410798;0;21 ;Nuboso;;;0.0;23.890549;0.0;;;;112.49158;25-07-28 07:50:00;25-07-28 08:00:00;
2025-07-28 23:06:00;2025-07-29 07:51:42;73%;31542;26495;630;94%;false;0;0;0.45653418;0;21 ;Nuboso;;;0.0;23.975796;0.0;;;;158.92696;25-07-29 07:50:00;25-07-29 08:00:00;
2025-07-29 23:23:18;2025-07-30 07:50:37;81%;30438;25974;608;96%;false;0;0;0.35481963;0;21 ;Nuboso;;;0.0;23.759888;0.0;;;;124.219246;25-07-30 07:50:00;25-07-30 08:00:00;
2025-07-30 22:57:25;2025-07-31 07:20:58;90%;30213;24774;604;95%;false;0;0;0.47661602;0;;;;;0.0;23.87667;0.0;;;;94.26332;25-07-31 07:20:00;25-07-31 07:30:00;
2025-07-31 23:15:22;2025-08-01 07:41:34;86%;30371;25410;1316;95%;false;0;0;0.8297389;0;19 ;Soleado;101.31;Arrecife;0.0;23.868553;0.0;;;;109.26827;25-08-01 07:50:00;25-08-01 08:00:00;
2025-08-01 22:58:44;2025-08-02 07:48:06;99%;31761;25621;635;95%;false;0;0;0.79342586;0;;;;;0.0;23.93525;0.0;;;;82.22496;25-08-02 07:50:00;25-08-02 08:00:00;
2025-08-02 23:05:40;2025-08-03 07:56:19;94%;31838;26426;636;96%;false;0;0;0.67843455;0;21 ;Nuboso;;;0.0;23.811104;0.0;;;;97.05192;25-08-03 07:50:00;25-08-03 08:00:00;
2025-08-03 23:34:15;2025-08-04 07:15:16;85%;27661;22958;553;95%;false;0;0;0.39044142;0;;;;;0.0;23.787514;0.0;;;;87.83976;25-08-04 07:50:00;25-08-04 08:00:00;
2025-08-04 23:46:20;2025-08-05 07:36:21;83%;28201;23782;564;95%;false;0;0;1.0212404;0;;;;;0.0;23.738453;0.0;;;;97.46502;25-08-05 07:50:00;25-08-05 08:00:00;
2025-08-06 00:10:14;2025-08-06 07:22:22;78%;25928;22298;518;93%;false;0;0;0.0;0;;;;;0.0;23.761581;0.0;;;;91.01052;25-08-06 07:20:00;25-08-06 07:30:00;
2025-08-07 00:04:04;2025-08-07 07:26:00;89%;26515;23598;530;96%;false;0;0;0.5430888;0;;;;;0.0;23.742435;0.0;;;;58.4967;25-08-07 07:20:00;25-08-07 07:30:00;
2025-08-07 23:43:25;2025-08-08 07:20:53;83%;27448;21958;548;97%;false;0;0;0.2623142;0;;;;;0.0;23.77515;0.0;;;;91.18543;25-08-08 07:20:00;25-08-08 07:30:00;
2025-08-09 00:10:19;2025-08-09 07:19:57;71%;25777;21137;515;97%;false;0;0;0.13965939;0;;;;;0.0;23.721954;0.0;;;;114.11246;25-08-09 07:20:00;25-08-09 07:30:00;
2025-08-09 23:44:23;2025-08-10 07:21:08;74%;27404;24207;548;96%;false;0;0;0.39410305;0;;;;;0.0;23.77295;0.0;;;;118.4643;25-08-10 07:20:00;25-08-10 07:30:00;
2025-08-10 23:21:15;2025-08-11 07:50:29;87%;30553;25664;611;95%;true;24;0;0.47131217;0;;;;;0.11782804;23.827114;0.0;;;;105.28247;25-08-11 07:50:00;25-08-11 08:00:00;
2025-08-12 02:15:23;2025-08-12 08:56:20;50%;24057;19246;481;85%;false;0;0;3.1425366;0;;;;;0.0;27.569836;0.0;;;;178.1327;25-08-12 08:50:00;25-08-12 09:00:00;
2025-08-12 23:36:14;2025-08-13 07:24:00;88%;28065;25445;561;75%;false;0;0;0.5130946;0;;;;;0.0;23.843636;0.0;;;;80.77612;25-08-13 07:20:00;25-08-13 07:30:00;
2025-08-13 23:42:51;2025-08-14 07:20:52;79%;27481;23359;549;77%;false;0;0;0.654998;0;;;;;0.0;23.91837;0.0;;;;106.33466;25-08-14 07:20:00;25-08-14 07:30:00;
2025-08-14 23:08:39;2025-08-15 07:20:53;67%;29533;25890;590;86%;false;0;0;3.900721;0;;;;;0.0;24.007462;0.0;;;;160.37799;25-08-15 07:20:00;25-08-15 07:30:00;
2025-08-15 23:36:30;2025-08-16 07:20:23;90%;27832;22544;556;97%;false;0;0;0.38804254;0;;;;;0.0;23.851574;0.0;;;;70.43716;25-08-16 07:20:00;25-08-16 07:30:00;
2025-08-16 23:55:57;2025-08-17 07:25:54;82%;26996;21957;539;96%;false;0;0;0.53341234;0;;;;;0.0;23.78565;0.0;;;;88.9727;25-08-17 07:20:00;25-08-17 07:30:00;
2025-08-17 23:36:50;2025-08-18 07:36:46;91%;28795;22652;575;96%;false;0;0;0.0;0;;;;;0.0;23.679634;0.0;;;;78.33606;25-08-18 07:50:00;25-08-18 08:00:00;
2025-08-19 00:33:39;2025-08-19 07:50:28;83%;26209;20442;524;94%;false;0;0;0.686787;0;;;;;0.0;23.783241;0.0;;;;75.358406;25-08-19 07:50:00;25-08-19 08:00:00;
2025-08-19 23:52:50;2025-08-20 07:22:04;84%;26954;22371;539;92%;false;0;0;0.93492615;0;;;;;0.0;23.658424;0.0;;;;80.56449;25-08-20 07:20:00;25-08-20 07:30:00;
2025-08-21 01:16:38;2025-08-21 07:50:42;75%;23644;19545;472;88%;false;0;0;0.45677552;0;;;;Arrecife;0.0;23.708447;0.0;;;;74.420815;25-08-21 07:50:00;25-08-21 08:00:00;
2025-08-21 21:54:50;2025-08-22 07:27:58;95%;34387;27395;687;81%;false;0;0;0.5234536;0;;;;Arrecife;0.0;23.79186;0.0;;;;97.978264;25-08-22 07:20:00;25-08-22 07:30:00;
2025-08-22 23:19:59;2025-08-23 07:50:37;90%;30637;25735;612;79%;false;0;0;0.35251492;0;21 ;Claros;;;0.0;26.274378;0.0;;;;98.79356;25-08-23 07:50:00;25-08-23 08:00:00;
2025-08-24 00:20:42;2025-08-24 07:21:30;77%;25248;18515;504;80%;false;0;0;0.2851711;0;;;;;0.0;26.585415;0.0;;;;85.18959;25-08-24 07:20:00;25-08-24 07:30:00;
2025-08-24 23:07:14;2025-08-25 07:51:36;100%;31462;26323;629;86%;false;0;0;0.22884749;0;;;;;0.0;25.337646;0.0;;;;74.564445;25-08-25 07:50:00;25-08-25 08:00:00;
2025-08-25 23:42:41;2025-08-26 07:55:51;83%;29590;22587;591;89%;false;0;0;0.72997636;0;;;;;0.0;23.774681;0.0;;;;111.07328;25-08-26 07:50:00;25-08-26 08:00:00;
2025-08-26 23:54:00;2025-08-27 07:20:31;85%;26791;22683;535;91%;false;0;0;1.2093613;0;21 ;Claros;;;0.0;27.308037;0.0;;;;77.02026;25-08-27 07:20:00;25-08-27 07:30:00;
2025-08-27 23:10:46;2025-08-28 07:20:08;93%;29362;24859;587;94%;false;0;0;0.122607455;0;22 ;Claros;;;0.0;26.537098;0.0;;;;77.13762;25-08-28 07:20:00;25-08-28 07:30:00;
2025-08-28 22:57:12;2025-08-29 07:20:41;98%;30208;24972;604;95%;false;0;0;0.83421606;0;22 ;Nuboso;;;0.0;23.808937;0.0;;;;68.68974;25-08-29 07:20:00;25-08-29 07:30:00;
2025-08-29 23:01:44;2025-08-30 07:21:07;80%;29962;23570;599;97%;false;0;0;0.12015219;0;;;;;0.0;23.909983;0.0;;;;120.39044;25-08-30 07:20:00;25-08-30 07:30:00;
2025-08-31 00:45:00;2025-08-31 07:20:45;65%;23744;18758;474;94%;false;0;0;1.3645552;0;22 ;Nuboso;;;0.0;24.040909;0.0;;;;113.666245;25-08-31 07:20:00;25-08-31 07:30:00;
2025-09-01 00:31:04;2025-09-01 07:50:29;76%;26365;22761;527;93%;false;0;0;0.8192679;0;22 ;Nuboso;;;0.0;23.793013;0.0;;;;102.12056;25-09-01 07:50:00;25-09-01 08:00:00;
2025-09-01 23:37:03;2025-09-02 07:16:13;75%;27550;21672;550;89%;false;0;0;0.65335757;0;21 ;Claros;101.71;;0.0;23.848625;0.0;;;;115.554535;25-09-02 07:50:00;25-09-02 08:00:00;
2025-09-02 23:26:21;2025-09-03 07:23:21;88%;28620;24041;572;93%;false;0;0;1.0062894;0;;;;;0.0;26.75902;0.0;;;;85.32255;25-09-03 07:20:00;25-09-03 07:30:00;
2025-09-03 23:21:27;2025-09-04 06:21:28;86%;25201;21841;504;92%;false;0;0;0.28570294;0;;;;;0.0;27.0744;0.0;;;;54.90225;25-09-04 06:20:00;25-09-04 06:30:00;
2025-09-04 23:47:08;2025-09-05 07:21:15;87%;27246;21797;544;92%;false;0;0;0.52851796;0;21 ;Soleado;;;0.0;23.857933;0.0;;;;73.13971;25-09-05 07:20:00;25-09-05 07:30:00;
2025-09-06 00:09:47;2025-09-06 07:20:46;78%;25859;21894;517;92%;false;0;0;0.6960826;0;;;;;0.0;23.611477;0.0;;;;89.09078;25-09-06 07:20:00;25-09-06 07:30:00;
2025-09-06 23:55:40;2025-09-07 07:20:49;79%;26709;22702;534;94%;false;0;0;0.8087162;0;;;;;0.0;26.100315;0.0;;;;94.85192;25-09-07 07:20:00;25-09-07 07:30:00;
2025-09-08 00:00:03;2025-09-08 07:50:30;65%;28227;24745;564;97%;false;0;0;0.7652248;0;21 ;Niebla;;;0.0;23.776188;0.0;;;;153.35005;25-09-08 07:50:00;25-09-08 08:00:00;
2025-09-08 22:24:29;2025-09-09 07:05:02;89%;31232;26547;3227;91%;false;0;0;0.3457992;0;21 ;Claros;101.97;Arrecife;0.0;25.516151;0.0;;;;15.930152;25-09-09 07:50:00;25-09-09 08:00:00;
2025-09-09 22:43:36;2025-09-10 07:21:11;87%;31055;26293;621;90%;false;0;0;1.275157;0;21 ;Claros;;;0.0;27.64182;0.0;;;;74.036896;25-09-10 07:20:00;25-09-10 07:30:00;
2025-09-10 23:54:05;2025-09-11 07:20:44;79%;26799;21617;535;89%;false;0;0;0.80600023;0;21 ;Soleado;;;0.0;29.040615;0.0;;;;64.50592;25-09-11 07:20:00;25-09-11 07:30:00;
2025-09-11 23:21:15;2025-09-12 07:21:41;77%;28826;22099;576;94%;false;0;0;0.74932355;0;21 ;Claros;;;0.0;25.694214;0.0;;;;105.40586;25-09-12 07:20:00;25-09-12 07:30:00;
2025-09-12 23:12:59;2025-09-13 07:21:33;83%;29313;23353;586;95%;false;0;0;0.49124962;0;;;;;0.0;25.425327;0.0;;;;73.08704;25-09-13 07:20:00;25-09-13 07:30:00;
2025-09-13 23:33:35;2025-09-14 06:35:49;74%;25333;19844;506;95%;false;0;0;0.99474996;0;22 ;Soleado;101.57;;0.0;25.90974;0.0;;;;73.519775;25-09-14 06:50:00;25-09-14 07:00:00;
2025-09-15 01:25:38;2025-09-15 07:35:50;56%;22212;18584;444;89%;false;0;0;0.81037277;0;22 ;Soleado;;;0.0;25.707144;0.0;;;;126.72212;25-09-15 07:50:00;25-09-15 08:00:00;
2025-09-15 23:15:20;2025-09-16 07:51:31;84%;30971;27254;619;82%;false;0;0;0.5811888;0;22 ;Soleado;;;0.0;26.288795;0.0;;;;93.739136;25-09-16 07:50:00;25-09-16 08:00:00;
2025-09-16 23:33:15;2025-09-17 07:06:07;80%;27172;20831;543;82%;false;0;0;0.794936;0;;;;;0.0;25.840143;0.0;;;;69.16369;25-09-17 07:20:00;25-09-17 07:30:00;
2025-09-17 23:37:13;2025-09-18 05:21:45;47%;20671;14125;413;85%;false;0;0;0.17415704;0;25 ;Nuboso;;;0.0;25.466063;0.0;;;;132.76123;25-09-18 07:20:00;25-09-18 07:30:00;
2025-09-18 22:57:34;2025-09-19 07:21:48;79%;30254;25110;605;85%;false;0;0;0.23798506;0;27 ;Nuboso;;Arrecife;0.0;25.52126;0.0;;;;106.77657;25-09-19 07:20:00;25-09-19 07:30:00;
2025-09-19 23:38:03;2025-09-20 07:00:30;83%;26546;22122;530;85%;false;0;0;0.6780683;0;;;;;0.0;36.023087;0.0;;;;61.28403;25-09-20 07:20:00;25-09-20 07:30:00;
2025-09-20 23:55:55;2025-09-21 06:41:37;77%;24341;17769;2839;88%;false;0;0;1.9226819;0;;;;;0.0;31.619205;0.0;;;;56.366215;25-09-21 07:20:00;25-09-21 07:30:00;
2025-09-23 23:42:49;2025-09-24 07:20:24;82%;27455;23428;549;93%;false;0;0;1.3112365;0;;;;;0.0;30.858826;0.0;;;;70.03513;25-09-24 07:20:00;25-09-24 07:30:00;
2025-09-25 02:05:48;2025-09-25 06:55:44;45%;17396;13163;347;77%;false;0;0;0.41388828;0;;;;;0.0;31.61164;0.0;;;;105.115974;25-09-25 07:20:00;25-09-25 07:30:00;
2025-09-26 01:42:59;2025-09-26 07:16:11;60%;19992;15927;399;85%;false;0;0;0.5402161;0;20 ;Nuboso;;;0.0;29.929337;0.0;;;;69.9054;25-09-26 07:20:00;25-09-26 07:30:00;
2025-09-27 01:39:26;2025-09-27 07:20:30;54%;20464;16439;409;90%;false;0;0;1.4073495;0;;;;;0.0;25.52051;0.0;;;;98.98844;25-09-27 07:20:00;25-09-27 07:30:00;
2025-09-27 22:59:46;2025-09-28 06:58:19;92%;28712;24405;574;89%;false;0;0;0.6269156;0;;;;;0.0;25.40852;0.0;;;;53.98643;25-09-28 07:20:00;25-09-28 07:30:00;
2025-09-29 03:49:50;2025-09-29 08:19:31;39%;16181;11434;323;74%;false;0;0;1.334899;0;20 ;Claros;101.79;;0.0;25.399029;0.0;;;;115.95959;25-09-29 08:50:00;25-09-29 09:00:00;
2025-10-02 21:57:54;2025-10-03 06:25:52;96%;30478;26617;609;—;true;9;0;3.3073037;0;;;;;0.11811799;25.822495;0.0;;;;58.698524;25-10-03 07:50:00;25-10-03 08:00:00;
2025-10-04 00:20:15;2025-10-04 07:50:57;76%;27041;19019;4416;68%;false;0;0;6.124034;0;20 ;Claros;;;0.0;26.59571;0.0;;;;83.72651;25-10-04 07:50:00;25-10-04 08:00:00;
2025-10-05 02:49:47;2025-10-05 08:50:22;62%;21635;17524;432;70%;false;0;0;6.9886756;0;21 ;Nuboso;;;0.0;26.225061;0.0;;;;79.60351;25-10-05 08:50:00;25-10-05 09:00:00;
2025-10-05 22:09:36;2025-10-06 07:51:05;98%;34888;29305;697;64%;false;0;0;2.7860582;0;20 ;Claros;;;0.0;26.036491;0.0;;;;67.070076;25-10-06 07:50:00;25-10-06 08:00:00;
2025-10-07 03:02:36;2025-10-07 08:50:23;57%;20867;15580;417;58%;false;0;0;3.2779028;0;21 ;Nuboso;;;0.0;26.00415;0.0;;;;88.14472;25-10-07 08:50:00;25-10-07 09:00:00;
2025-10-07 22:42:47;2025-10-08 07:50:44;98%;32876;25534;657;53%;false;0;0;2.9565642;0;20 ;Soleado;;;0.0;25.85247;0.0;;;;68.03852;25-10-08 07:50:00;25-10-08 08:00:00;
2025-10-09 23:53:47;2025-10-10 07:50:51;94%;28624;23662;3816;73%;false;0;0;0.7546115;0;19 ;Claros;;;0.0;22.942928;0.0;;;;48.80568;25-10-10 07:50:00;25-10-10 08:00:00;
2025-10-10 22:47:55;2025-10-11 07:51:00;86%;32585;29435;651;90%;false;0;0;0.44192114;0;21 ;Nuboso;;;0.0;22.490463;0.0;;;;93.74702;25-10-11 07:50:00;25-10-11 08:00:00;
2025-10-12 02:02:15;2025-10-12 07:56:38;60%;21262;15309;425;82%;false;0;0;0.84658074;0;20 ;Claros;;;0.0;22.556858;0.0;;;;83.6991;25-10-12 07:50:00;25-10-12 08:00:00;
2025-10-13 00:40:09;2025-10-13 07:51:33;78%;25884;22087;517;84%;false;0;0;1.1126565;0;20 ;Claros;;;0.0;25.386642;0.0;;;;68.06614;25-10-13 07:50:00;25-10-13 08:00:00;
2025-10-14 23:43:40;2025-10-15 07:51:05;84%;29244;23297;584;90%;false;0;0;1.354124;0;17 ;Claros;;;0.0;25.528;0.0;;;;77.42389;25-10-15 07:50:00;25-10-15 08:00:00;
2025-10-15 23:23:32;2025-10-16 07:25:14;86%;28901;23409;578;93%;false;0;0;1.1210685;0;;;;;0.0;25.57892;0.0;;;;71.591385;25-10-16 07:20:00;25-10-16 07:30:00;
2025-10-17 03:42:13;2025-10-17 07:51:05;42%;14931;11447;298;77%;false;0;0;1.2055455;0;19 ;Niebla;;;0.0;25.323004;0.0;;;;81.02765;25-10-17 07:50:00;25-10-17 08:00:00;
2025-10-17 23:33:52;2025-10-18 07:50:22;89%;29789;25023;595;73%;false;0;0;1.0876498;0;19 ;Claros;;;0.0;25.462502;0.0;;;;69.52915;25-10-18 07:50:00;25-10-18 08:00:00;
2025-10-19 00:09:53;2025-10-19 07:28:05;66%;26292;22348;525;73%;false;0;0;0.41077134;0;;;;Arrecife;0.0;25.328056;0.0;;;;102.60677;25-10-19 07:50:00;25-10-19 08:00:00;
2025-10-20 02:12:30;2025-10-20 08:51:42;56%;23952;17565;479;76%;false;0;0;1.2024049;0;20 ;Soleado;;Arrecife;0.0;25.615393;0.0;;;;114.52445;25-10-20 08:50:00;25-10-20 09:00:00;
2025-10-20 23:16:06;2025-10-21 07:50:26;82%;30859;25716;617;77%;false;0;0;0.81661755;0;20 ;Claros;;;0.0;25.432205;0.0;;;;93.49048;25-10-21 07:50:00;25-10-21 08:00:00;
2025-10-21 22:31:47;2025-10-22 07:20:23;94%;31715;24420;634;76%;false;0;0;0.34053287;0;;;;Arrecife;0.0;25.423008;0.0;;;;73.17936;25-10-22 07:20:00;25-10-22 07:30:00;
2025-10-22 22:32:26;2025-10-23 07:14:39;83%;31332;25901;626;85%;false;0;0;0.5744926;0;;;;;0.0;25.520157;0.0;;;;93.87711;25-10-23 07:20:00;25-10-23 07:30:00;
2025-10-23 22:46:13;2025-10-24 07:51:14;91%;32700;25942;654;94%;false;0;0;0.33027524;0;19 ;Niebla;;;0.0;25.438766;0.0;;;;85.13735;25-10-24 07:50:00;25-10-24 08:00:00;
2025-10-25 00:11:13;2025-10-25 08:06:20;47%;28507;21760;3515;93%;false;0;0;1.5154172;0;19 ;Niebla;;;0.0;25.457096;0.0;;;;162.6953;25-10-25 08:20:00;25-10-25 08:30:00;
2025-10-26 00:09:51;2025-10-26 07:20:10;87%;29418;23338;588;92%;false;0;0;0.85661834;0;;;;;0.0;25.451126;0.0;;;;76.566284;25-10-26 07:20:00;25-10-26 07:30:00;
2025-10-28 22:44:44;2025-10-29 05:44:16;74%;25172;20977;503;83%;false;0;0;0.8580963;0;;;;;0.0;25.40276;0.0;;;;75.87932;25-10-29 07:20:00;25-10-29 07:30:00;
2025-10-30 00:18:10;2025-10-30 07:22:22;76%;25451;19343;2460;73%;false;0;0;0.28289655;0;19 ;Claros;;;0.0;25.438503;0.0;;;;73.16274;25-10-30 07:20:00;25-10-30 07:30:00;
2025-10-31 00:33:51;2025-10-31 07:21:14;71%;24442;20939;488;86%;false;0;0;0.44186237;0;;;;;0.0;25.418535;0.0;;;;78.02479;25-10-31 07:20:00;25-10-31 07:30:00;
2025-11-01 00:40:09;2025-11-01 07:20:30;66%;24020;19616;480;90%;false;0;0;0.4496253;0;19 ;Soleado;;;0.0;26.04361;0.0;;;;91.03089;25-11-01 07:20:00;25-11-01 07:30:00;
2025-11-02 00:47:22;2025-11-02 07:31:12;65%;24229;21968;484;98%;false;0;0;0.8914936;0;20 ;Nuboso;;;0.0;25.38906;0.0;;;;94.36962;25-11-02 07:50:00;25-11-02 08:00:00;
2025-11-03 01:21:22;2025-11-03 07:26:23;55%;21901;17593;438;97%;false;0;0;0.0;0;20 ;Soleado;;;0.0;25.400085;0.0;;;;106.76694;25-11-03 07:20:00;25-11-03 07:30:00;
2025-11-04 22:37:32;2025-11-05 07:25:01;86%;31649;27746;632;86%;false;0;0;0.11374767;0;20 ;Nuboso;;;0.0;25.608547;0.0;;;;92.30299;25-11-05 07:20:00;25-11-05 07:30:00;
2025-11-06 00:01:29;2025-11-06 07:22:13;76%;26443;21859;528;83%;false;0;0;0.2722838;0;21 ;Claros;101.87;Arrecife;0.0;26.689953;0.0;;;;81.90393;25-11-06 07:20:00;25-11-06 07:30:00;
2025-11-07 00:25:32;2025-11-07 06:32:38;59%;22025;17840;440;89%;false;0;0;0.8172532;0;20 ;Claros;;;0.0;25.410904;0.0;;;;96.62792;25-11-07 07:50:00;25-11-07 08:00:00;
2025-11-08 00:11:40;2025-11-08 07:22:50;71%;25870;19661;517;90%;false;0;0;0.83494395;0;20 ;Claros;;;0.0;25.371136;0.0;;;;92.898994;25-11-08 07:20:00;25-11-08 07:30:00;
2025-11-08 22:51:24;2025-11-09 07:22:16;92%;30651;23805;613;90%;false;0;261;0.0;0;;;;;0.9396104;25.438877;0.0;;;;73.716644;25-11-09 07:20:00;25-11-09 07:30:00;
2025-11-11 01:19:08;2025-11-11 08:54:33;51%;27325;20129;546;78%;false;0;0;1.1857274;0;17 ;Soleado;;;0.0;25.435764;0.0;;;;152.52948;25-11-11 08:50:00;25-11-11 09:00:00;
2025-11-11 23:31:37;2025-11-12 07:23:35;84%;28318;22937;566;70%;false;0;0;0.12712762;0;18 ;Soleado;;Arrecife;0.0;25.746912;0.0;;;;77.442406;25-11-12 07:20:00;25-11-12 07:30:00;
2025-11-12 23:12:40;2025-11-13 07:21:00;80%;29300;24221;586;85%;false;0;0;0.0;0;;;;Arrecife;0.0;25.505898;0.0;;;;93.427055;25-11-13 07:20:00;25-11-13 07:30:00;
2025-11-13 23:46:25;2025-11-14 07:19:33;84%;27187;23380;543;88%;false;0;0;0.13241623;0;;;;;0.0;25.50825;0.0;;;;69.04487;25-11-14 07:20:00;25-11-14 07:30:00;
2025-11-14 22:43:50;2025-11-15 07:22:35;94%;31124;26974;622;94%;false;0;265;1.27233;0;;;;Arrecife;0.80966455;25.571367;0.0;;;;73.552986;25-11-15 07:20:00;25-11-15 07:30:00;
2025-11-15 23:35:52;2025-11-16 07:21:11;76%;27918;20845;558;93%;false;0;0;0.25789812;0;;;;Arrecife;0.0;25.390362;0.0;;;;93.9863;25-11-16 07:20:00;25-11-16 07:30:00;
2025-11-17 02:30:34;2025-11-17 08:53:05;54%;22951;15760;459;82%;false;0;0;0.31371182;0;18 ;Nuboso;;;0.0;25.55534;0.0;;;;119.98216;25-11-17 08:50:00;25-11-17 09:00:00;
2025-11-18 23:17:16;2025-11-19 07:21:20;88%;29044;24784;580;62%;false;0;0;1.2394987;0;;;;;0.0;25.344322;0.0;;;;73.67246;25-11-19 07:20:00;25-11-19 07:30:00;
2025-11-19 23:13:42;2025-11-20 07:21:11;85%;29248;23886;584;80%;false;0;0;0.36925605;0;;;;;0.0;25.40026;0.0;;;;81.40479;25-11-20 07:20:00;25-11-20 07:30:00;
2025-11-20 23:08:03;2025-11-21 07:23:56;84%;29753;24794;595;99%;false;0;0;0.72597724;0;19 ;Nuboso;;;0.0;25.63541;0.0;;;;87.04487;25-11-21 07:20:00;25-11-21 07:30:00;
2025-11-21 23:06:20;2025-11-22 07:21:59;92%;29738;23989;594;99%;false;0;146;1.9369158;0;18 ;Soleado;;;0.72634345;25.440231;0.0;;;;68.181076;25-11-22 07:20:00;25-11-22 07:30:00;
2025-11-22 22:56:26;2025-11-23 07:20:57;91%;30270;25427;605;99%;false;0;0;0.4757185;0;;;;Arrecife;0.0;25.822964;0.0;;;;75.385635;25-11-23 07:20:00;25-11-23 07:30:00;
2025-11-24 03:22:48;2025-11-24 08:19:55;40%;17826;14023;356;84%;false;0;0;2.4234264;0;18 ;Soleado;102.18;;0.0;25.542568;0.0;;;;126.66246;25-11-24 09:50:00;25-11-24 10:00:00;
2025-11-24 23:54:57;2025-11-25 08:03:56;89%;29338;25231;586;74%;false;0;0;0.981662;0;18 ;Soleado;;;0.0;26.139523;1.0;;;;71.70412;25-11-25 08:20:00;25-11-25 08:30:00;
2025-11-25 22:55:42;2025-11-26 07:21:51;100%;30368;23485;607;70%;false;0;0;0.71127504;0;;;;;0.0;26.067768;0.0;;;;48.148727;25-11-26 07:20:00;25-11-26 07:30:00;
2025-11-27 00:17:30;2025-11-27 08:08:45;79%;28274;21865;565;79%;false;0;0;0.25465092;0;18 ;Claros;;;0.0;25.564993;0.0;;;;89.53284;25-11-27 08:50:00;25-11-27 09:00:00;
2025-11-27 23:03:12;2025-11-28 07:24:37;94%;30084;25170;601;84%;false;0;20;1.3163143;0;18 ;Soleado;101.86;Arrecife;0.11966494;25.681393;0.0;;;;66.59574;25-11-28 07:20:00;25-11-28 07:30:00;
2025-11-28 22:58:23;2025-11-29 07:21:14;70%;30171;26953;603;88%;false;0;0;0.8352391;0;17 ;Claros;;;0.0;25.472904;0.0;;;;121.63642;25-11-29 07:20:00;25-11-29 07:30:00;
2025-11-29 23:13:23;2025-11-30 07:22:01;86%;29318;25311;586;93%;false;0;0;1.1051232;0;;;;Arrecife;0.0;25.857288;0.0;;;;79.7327;25-11-30 07:20:00;25-11-30 07:30:00;
2025-12-01 23:32:50;2025-12-02 07:23:34;76%;28243;25607;564;97%;false;0;0;3.1866302;0;18 ;Claros;;Arrecife;0.0;25.392036;0.0;;;;95.23708;25-12-02 07:20:00;25-12-02 07:30:00;
2025-12-02 23:30:33;2025-12-03 07:21:07;87%;28233;23433;564;98%;false;0;0;0.38253108;0;;;;Arrecife;0.0;25.683159;0.0;;;;69.59583;25-12-03 07:20:00;25-12-03 07:30:00;
2025-12-03 23:25:51;2025-12-04 07:20:57;90%;28505;21664;570;99%;false;0;0;1.010349;0;;;;Arrecife;0.0;25.90614;0.0;;;;64.20624;25-12-04 07:20:00;25-12-04 07:30:00;
2025-12-04 23:50:09;1969-12-31 23:59:59;0%;0;0;0;—;false;0;0;0.0;0;;;;;;;;;;;0.0;;;
2025-12-04 23:50:09;2025-12-05 07:23:40;82%;27210;24217;544;98%;false;0;307;1.1907387;0;;;;Arrecife;0.7938258;25.546074;0.0;;;;72.98767;25-12-05 07:20:00;25-12-05 07:30:00;
2025-12-05 22:46:06;2025-12-06 07:23:16;93%;31030;26168;620;96%;false;0;0;0.69610053;0;17 ;Soleado;;Arrecife;0.0;25.63877;0.0;;;;75.81322;25-12-06 07:20:00;25-12-06 07:30:00;
2025-12-07 00:05:01;2025-12-07 07:20:52;70%;26150;21355;523;92%;false;0;0;1.3766731;0;;;;Arrecife;0.0;26.144203;0.0;;;;97.27439;25-12-07 07:20:00;25-12-07 07:30:00;
2025-12-07 22:36:23;2025-12-08 07:51:28;87%;33305;29863;666;88%;false;0;0;3.7832158;0;14 ;Claros;;;0.0;25.349789;0.0;;;;96.93304;25-12-08 07:50:00;25-12-08 08:00:00;
2025-12-08 23:50:23;2025-12-09 07:52:12;86%;28908;24186;578;87%;false;0;0;0.87173104;0;14 ;Soleado;;;0.0;25.48008;0.0;;;;75.23183;25-12-09 07:50:00;25-12-09 08:00:00;Comí tarde:Tiempo en el exterior
2025-12-09 23:49:07;2025-12-10 06:54:39;84%;25532;20255;510;88%;false;0;0;1.4099953;0;;;;;0.0;25.977047;0.0;;;;53.847244;25-12-10 06:50:00;25-12-10 07:00:00;Cansado:Tiempo en el exterior
2025-12-10 23:45:18;2025-12-11 07:21:03;84%;27344;20234;546;92%;false;0;0;2.2381508;0;;;;;0.0;25.741917;0.0;;;;69.23947;25-12-11 07:20:00;25-12-11 07:30:00;Días estresantes
2025-12-11 23:34:48;2025-12-12 07:23:27;88%;28118;24556;562;95%;false;0;0;2.6886692;0;17 ;Nuboso;;;0.0;25.730412;0.0;;;;65.951836;25-12-12 07:20:00;25-12-12 07:30:00;
2025-12-12 23:43:43;2025-12-13 07:18:57;80%;27314;22580;1092;97%;false;0;0;4.2176175;0;14 ;Lluvia;;;0.0;25.782787;0.0;;;;78.93935;25-12-13 07:20:00;25-12-13 07:30:00;
2025-12-16 22:50:34;2025-12-17 06:51:25;68%;28850;26735;577;—;false;0;0;2.7452338;0;;;;;0.0;25.50741;0.0;;;;116.412125;25-12-17 06:50:00;25-12-17 07:00:00;
2025-12-17 23:41:08;2025-12-18 06:50:23;81%;25754;21805;515;93%;false;0;0;0.55913645;0;;;;;0.0;26.222603;0.0;;;;63.799496;25-12-18 06:50:00;25-12-18 07:00:00;
2025-12-19 22:45:49;2025-12-20 07:43:44;100%;32274;26464;645;89%;false;0;27;1.115449;0;16 ;Soleado;;;0.22308978;25.717037;0.0;;;;66.574486;25-12-20 07:50:00;25-12-20 08:00:00;Asma
2025-12-20 23:59:22;2025-12-21 07:22:45;74%;26603;22523;532;86%;false;0;0;1.8945231;0;;;;;0.0;26.174374;0.0;;;;89.45809;25-12-21 07:20:00;25-12-21 07:30:00;
2025-12-22 00:03:14;2025-12-22 07:22:39;73%;26364;20740;527;93%;false;0;0;0.2730997;0;16 ;Nuboso;;;0.0;26.063076;0.0;;;;90.33626;25-12-22 07:20:00;25-12-22 07:30:00;
2025-12-23 01:11:26;2025-12-23 07:20:29;73%;22143;18083;442;92%;false;0;0;1.7883756;0;16 ;Claros;101.990005;;0.0;25.791677;0.0;;;;53.77904;25-12-23 07:20:00;25-12-23 07:30:00;
2025-12-23 22:50:46;2025-12-24 07:53:56;97%;32589;25419;651;88%;false;0;0;1.7674676;0;16 ;Claros;;Arrecife;0.0;26.050846;1.0;;;;73.75983;25-12-24 07:50:00;25-12-24 08:00:00;
2025-12-25 00:46:15;2025-12-25 08:50:30;72%;29055;25084;968;81%;false;0;0;0.7434177;0;16 ;Claros;;;0.0;25.795254;0.0;;;;108.04286;25-12-25 08:50:00;25-12-25 09:00:00;
2025-12-25 23:29:06;2025-12-26 07:20:31;93%;28285;23193;565;76%;false;0;0;0.12727594;0;15 ;Soleado;;;0.0;26.312845;0.0;;;;55.91254;25-12-26 07:20:00;25-12-26 07:30:00;Asma:Cansado:Enfermedad
2025-12-26 23:40:19;2025-12-27 07:20:42;90%;27622;23110;552;84%;false;0;0;0.3909927;0;;;;;0.0;25.505596;0.0;;;;57.52713;25-12-27 07:20:00;25-12-27 07:30:00;
2025-12-27 23:34:03;2025-12-28 07:21:49;87%;28066;24230;561;91%;false;0;0;0.76961446;0;;;;;0.0;25.212168;0.0;;;;65.97951;25-12-28 07:20:00;25-12-28 07:30:00;
2025-12-28 22:46:32;2025-12-29 08:02:25;93%;33352;29016;667;95%;false;0;0;1.2952746;0;15 ;Nuboso;102.090004;;0.0;25.505814;1.0;;;;82.837456;25-12-29 08:50:00;25-12-29 09:00:00;Días buenos
2025-12-30 23:24:49;2025-12-31 07:03:51;79%;27541;22951;550;84%;true;290;0;1.6992848;0;;;;;1.829999;22.780228;0.0;;;;71.871895;25-12-31 06:06:33;25-12-31 06:30:00;Alergias 
2026-01-01 01:17:12;2026-01-01 07:04:15;61%;20822;15200;902;82%;true;426;0;1.3831525;0;;;;;2.2476227;23.687843;0.0625;;;;100.014015;26-01-01 06:06:37;26-01-01 06:30:00;Enfermedad
2026-01-01 23:46:01;2026-01-02 07:20:32;84%;27270;24089;545;85%;true;27;0;0.3960396;0;18 ;Nuboso;;;0.2640264;23.531498;0.0625;;;;68.25024;26-01-02 06:20:00;26-01-02 06:30:00;
2026-01-02 23:00:55;2026-01-03 07:20:46;92%;29991;25592;599;86%;true;19;0;0.36010802;0;;;;Arrecife;0.120036006;23.129147;0.0625;;;;67.854324;26-01-03 07:20:00;26-01-03 07:30:00;
2026-01-03 23:14:10;2026-01-04 07:21:08;80%;29217;26783;584;91%;false;0;0;0.9857275;0;;;;Arrecife;0.0;23.158566;0.0;;;;102.20035;26-01-04 07:20:00;26-01-04 07:30:00;
2026-01-05 00:41:10;2026-01-05 08:16:18;75%;27308;21209;546;89%;true;149;0;0.9228065;0;15 ;Nuboso;;;0.9228065;23.973045;0.0;;;;101.92308;26-01-05 08:50:00;26-01-05 09:00:00;
2026-01-05 23:10:49;2026-01-06 06:20:39;77%;25790;20975;515;83%;false;0;0;0.5583559;0;16 ;Nuboso;102.05;;0.0;22.924461;0.0;;;;81.70267;26-01-06 08:50:00;26-01-06 09:00:00;
2026-01-06 23:23:35;2026-01-07 07:20:36;41%;28620;23563;572;81%;true;38;0;1.1320755;0;;;;;0.25157234;22.849485;0.0625;;;;190.06796;26-01-07 07:20:00;26-01-07 07:30:00;
2026-01-07 23:13:56;2026-01-08 06:50:31;69%;27395;23194;547;85%;true;146;12;2.6282167;0;;;;;0.9198759;23.156982;0.0625;;;;133.96852;26-01-08 06:50:00;26-01-08 07:00:00;
2026-01-08 23:05:53;2026-01-09 07:20:32;95%;29679;26612;593;93%;true;1751;142;0.9703831;0;;;;;2.0620642;25.039734;0.125;;;;67.06929;26-01-09 07:20:00;26-01-09 07:30:00;
2026-01-11 23:41:46;2026-01-12 07:54:35;83%;29569;25922;591;90%;true;72;0;0.24349827;0;13 ;Soleado;;Arrecife;0.24349827;23.24345;0.0625;;;;103.145;26-01-12 08:20:00;26-01-12 08:30:00;
2026-01-12 22:53:52;2026-01-13 08:07:13;91%;33200;30212;664;92%;true;15;0;0.7590361;0;12 ;Claros;;Arrecife;0.10843373;22.975302;0.3125;;;;105.58487;26-01-13 08:20:00;26-01-13 08:30:00;
2026-01-14 00:07:16;2026-01-14 07:24:27;64%;26231;22733;524;88%;false;0;0;0.4117266;0;;;;;0.0;22.617237;0.0;;;;139.06871;26-01-14 07:20:00;26-01-14 07:30:00;Comí tarde
2026-01-15 00:21:43;2026-01-15 07:20:39;60%;25136;20528;502;91%;false;0;0;1.0025462;0;;;;;0.0;22.525406;0.0;;;;148.84627;26-01-15 07:20:00;26-01-15 07:30:00;
2026-01-15 23:11:04;2026-01-16 07:22:22;92%;29478;24958;589;90%;false;0;0;0.61062485;0;;;;;0.0;22.53685;0.125;;;;78.00032;26-01-16 07:20:00;26-01-16 07:30:00;
2026-01-16 22:49:50;2026-01-17 07:20:47;96%;30657;26058;613;95%;false;0;0;0.70456994;0;15 ;Soleado;;;0.0;22.485615;0.125;;;;76.2786;26-01-17 07:20:00;26-01-17 07:30:00;Días buenos
2026-01-18 00:37:44;2026-01-18 07:20:25;62%;24160;19972;483;91%;false;0;0;0.29801324;0;;;;;0.0;22.5725;0.0;;;;130.14418;26-01-18 07:20:00;26-01-18 07:30:00;
2026-01-19 22:32:30;2026-01-20 08:05:21;86%;34371;28986;687;81%;true;36;0;1.0473946;0;15 ;Nuboso;;;0.3142184;22.616003;0.0;;;;122.75944;26-01-20 08:20:00;26-01-20 08:30:00;
2026-01-20 23:21:42;2026-01-21 07:20:40;80%;28738;24331;574;82%;false;0;0;0.5010787;0;;;;;0.0;22.501247;0.0;;;;110.311714;26-01-21 07:20:00;26-01-21 07:30:00;
2026-01-21 22:57:53;2026-01-22 07:20:55;78%;30182;25554;603;92%;false;0;0;1.0734875;0;;;;Arrecife;0.0;22.570724;0.0;;;;131.02777;26-01-22 07:20:00;26-01-22 07:30:00;
2026-01-22 22:52:33;2026-01-23 07:20:38;92%;30485;23879;3251;94%;false;0;0;1.0628178;0;;;;Arrecife;0.0;22.513733;0.125;;;;92.1478;26-01-23 07:20:00;26-01-23 07:30:00;
2026-01-23 22:54:48;2026-01-23 23:18:52;5%;1444;0;1444;76%;false;0;0;0.0;0;17 ;Claros;102.22;Arrecife;0.0;41.82847;25.675001;;;;1.0;26-01-24 07:20:00;26-01-24 07:30:00;
2026-01-23 23:36:16;2026-01-24 07:21:02;84%;27885;22680;557;97%;false;0;0;0.64550835;0;16 ;Nuboso;;Arrecife;0.0;22.654522;0.0;;;;84.62517;26-01-24 07:20:00;26-01-24 07:30:00;
2026-01-24 22:25:28;2026-01-25 07:22:00;92%;32191;28114;643;94%;false;0;0;0.3354975;0;13 ;Nuboso;102.740005;;0.0;22.496801;0.125;;;;98.772545;26-01-25 07:20:00;26-01-25 07:30:00;
2026-01-25 23:22:36;2026-01-26 07:54:30;73%;30713;27744;614;90%;false;0;0;0.9377136;0;12 ;Soleado;;;0.0;22.557941;0.125;;;;151.6556;26-01-26 08:20:00;26-01-26 08:30:00;
2026-01-26 23:58:54;2026-01-27 08:22:28;75%;30213;22357;604;90%;false;0;0;1.4298481;0;14 ;Soleado;;;0.0;24.111683;0.375;;;;140.66638;26-01-27 08:20:00;26-01-27 08:30:00;
2026-01-27 23:03:22;2026-01-28 07:22:26;85%;29943;25152;598;88%;false;0;0;0.96182746;0;;;;Arrecife;0.0;22.59643;0.125;;;;106.07229;26-01-28 07:20:00;26-01-28 07:30:00;
2026-01-29 00:12:54;2026-01-29 07:22:28;67%;25773;22079;515;88%;false;0;0;0.5587242;0;;;;;0.0;22.503666;0.09375;;;;131.80905;26-01-29 07:20:00;26-01-29 07:30:00;
2026-01-29 23:59:59;2026-01-30 07:20:47;83%;26447;21422;528;91%;false;0;0;0.1361213;0;;;;;0.0;22.578001;0.0625;;;;73.514656;26-01-30 07:20:00;26-01-30 07:30:00;
2026-01-30 23:32:49;2026-01-31 07:20:57;87%;28088;22002;561;95%;false;0;0;0.7690117;0;;;;;0.0;22.505053;0.0625;;;;78.01222;26-01-31 07:20:00;26-01-31 07:30:00;
2026-02-01 00:08:12;2026-02-01 07:21:44;71%;26012;21156;520;96%;false;0;0;0.55359066;0;;;;;0.0;22.52819;0.0;;;;116.384346;26-02-01 07:20:00;26-02-01 07:30:00;
2026-02-01 22:51:39;2026-02-02 07:50:52;75%;32352;29225;647;92%;false;0;0;0.66765577;0;16 ;Nuboso;;;0.0;22.708488;0.1875;;;;158.01219;26-02-02 07:50:00;26-02-02 08:00:00;
2026-02-03 00:34:29;2026-02-03 07:50:25;65%;26156;22494;523;89%;false;0;0;0.9634501;0;16 ;Nuboso;;;0.0;22.529003;0.0625;;;;143.7518;26-02-03 07:50:00;26-02-03 08:00:00;
2026-02-03 22:26:30;2026-02-04 07:20:29;92%;32039;27233;640;83%;false;0;0;0.5618153;0;;;;;0.0;22.55566;0.0625;;;;104.636925;26-02-04 07:20:00;26-02-04 07:30:00;Baño
2026-02-04 23:14:11;2026-02-05 07:23:03;82%;29331;24051;586;86%;false;0;0;0.0;0;;;;;0.0;22.514446;0.0;;;;112.17655;26-02-05 07:20:00;26-02-05 07:30:00;
2026-02-05 22:55:34;2026-02-06 07:20:48;92%;30314;24958;606;89%;false;0;0;0.95005614;0;;;;;0.0;22.530209;0.0625;;;;86.13861;26-02-06 07:20:00;26-02-06 07:30:00;
2026-02-06 23:37:40;2026-02-07 07:20:37;87%;27777;23610;555;95%;false;0;0;0.25920725;0;14 ;Nuboso;;;0.0;22.51832;0.0;;;;78.42794;26-02-07 07:20:00;26-02-07 07:30:00;
2026-02-08 03:55:01;2026-02-08 07:20:48;30%;12347;8396;246;85%;false;0;0;1.1662751;0;;;;;0.0;22.628723;0.0625;;;;148.614;26-02-08 07:20:00;26-02-08 07:30:00;Alcohol
2026-02-08 22:50:22;2026-02-09 07:24:01;93%;30818;27633;616;72%;true;10;0;1.1681485;0;17 ;Nuboso;;;0.11681485;28.853903;0.3125;;;;90.05902;26-02-09 07:20:00;26-02-09 07:30:00;
2026-02-09 23:52:36;2026-02-10 08:20:27;73%;30470;27220;609;68%;false;0;0;0.945192;0;17 ;Nuboso;;;0.0;22.579922;0.0625;;;;150.00784;26-02-10 08:20:00;26-02-10 08:30:00;
2026-02-10 22:26:56;2026-02-11 07:20:41;84%;32024;26580;640;74%;false;0;0;1.3489883;0;;;;;0.0;22.523464;0.0625;;;;128.34634;26-02-11 07:20:00;26-02-11 07:30:00;
2026-02-12 00:16:16;2026-02-12 07:15:34;63%;25158;19874;503;82%;false;0;0;0.28619128;0;;;;;0.0;22.523174;0.0;;;;141.36409;26-02-12 07:20:00;26-02-12 07:30:00;
2026-02-12 22:57:59;2026-02-13 07:21:36;82%;30216;26086;604;84%;false;0;0;0.4765687;0;17 ;Claros;;;0.0;22.526436;0.0625;;;;121.6007;26-02-13 07:20:00;26-02-13 07:30:00;
2026-02-13 23:21:40;2026-02-14 07:20:45;86%;28745;24145;574;90%;false;0;0;0.37571752;0;16 ;Nuboso;;;0.0;22.531153;0.0625;;;;94.628975;26-02-14 07:20:00;26-02-14 07:30:00;
2026-02-14 23:55:59;2026-02-15 07:22:01;69%;26761;23460;535;93%;false;0;0;0.6726206;0;;;;;0.0;22.58555;0.0625;;;;136.22453;26-02-15 07:20:00;26-02-15 07:30:00;
2026-02-15 23:52:45;2026-02-16 08:20:51;85%;30486;23677;609;94%;false;0;0;5.1958275;0;16 ;Soleado;;;0.0;22.56707;0.0625;;;;114.24018;26-02-16 08:20:00;26-02-16 08:30:00;
2026-02-17 00:44:21;2026-02-17 08:20:28;70%;27366;23444;547;93%;false;0;0;1.1839509;0;14 ;Soleado;;;0.0;24.718716;0.125;;;;138.70328;26-02-17 08:20:00;26-02-17 08:30:00;
2026-02-17 22:46:51;2026-02-18 06:51:10;90%;29058;24506;581;85%;false;0;0;0.8672311;0;;;;;0.0;22.56411;0.0;;;;85.627;26-02-18 06:50:00;26-02-18 07:00:00;
2026-02-18 23:31:21;2026-02-19 07:23:14;77%;28313;24538;566;84%;false;0;0;0.25430015;0;;;;;0.0;22.547318;0.0625;;;;120.933784;26-02-19 07:20:00;26-02-19 07:30:00;
2026-02-19 22:43:37;2026-02-20 07:18:24;100%;30887;23577;617;84%;false;0;0;1.1655389;0;16 ;Claros;;;0.0;22.636162;0.0;;;;69.03421;26-02-20 06:50:00;26-02-20 07:00:00;
2026-02-20 23:21:04;2026-02-21 06:51:07;81%;27003;22502;540;91%;false;0;0;0.13331851;0;14 ;Soleado;102.2;;0.0;22.560734;0.0;;;;94.27786;26-02-21 06:50:00;26-02-21 07:00:00;
2026-02-21 23:19:47;2026-02-22 07:22:40;85%;28972;24433;579;93%;false;0;0;0.6212895;0;;;;;0.0;22.551317;0.0625;;;;100.09168;26-02-22 07:20:00;26-02-22 07:30:00;
2026-02-22 23:52:25;2026-02-23 08:11:06;78%;29920;26429;598;92%;false;0;0;2.526738;0;18 ;Nuboso;102.2;;0.0;22.521729;0.0625;;;;131.17448;26-02-23 08:20:00;26-02-23 08:30:00;
2026-02-23 22:05:51;2026-02-24 07:37:18;89%;34286;31315;685;88%;false;0;0;0.104999125;0;;;;Arrecife;0.0;22.54889;0.0625;;;;119.3523;26-02-24 08:20:00;26-02-24 08:30:00;
2026-02-24 23:28:51;2026-02-25 06:50:52;81%;26521;21216;530;84%;false;0;0;0.0;0;;;;Arrecife;0.0;22.563253;0.0625;;;;89.84159;26-02-25 06:50:00;26-02-25 07:00:00;Días buenos
2026-02-26 00:06:02;2026-02-26 07:48:37;67%;27754;23406;555;83%;false;0;0;0.64855516;0;15 ;Claros;;;0.0;22.517769;0.0625;;;;148.91885;26-02-26 08:20:00;26-02-26 08:30:00;Días buenos
2026-02-27 00:21:02;2026-02-27 08:20:31;75%;28769;25221;575;87%;false;0;0;0.50053877;0;;;;;0.0;22.566353;0.0;;;;132.78336;26-02-27 08:20:00;26-02-27 08:30:00;
2026-02-27 22:35:19;2026-02-28 07:21:31;97%;31571;27151;631;86%;false;0;0;0.0;0;16 ;Claros;101.89;;0.0;22.577877;0.0;;;;89.43156;26-02-28 07:20:00;26-02-28 07:30:00;
2026-02-28 23:03:13;2026-03-01 07:20:44;78%;29851;26567;597;89%;false;0;0;0.12059897;0;;;;;0.0;22.506832;0.0625;;;;129.64009;26-03-01 07:20:00;26-03-01 07:30:00;
2026-03-02 00:41:57;2026-03-02 08:13:11;65%;27074;22652;541;84%;false;0;0;0.2659378;0;15 ;Claros;;;0.0;22.53869;0.0625;;;;152.2695;26-03-02 08:20:00;26-03-02 08:30:00;
2026-03-03 22:38:20;2026-03-04 07:22:35;86%;31454;27470;629;77%;false;0;0;0.11445285;0;;;;;0.0;22.577185;0.0;;;;120.09318;26-03-04 07:20:00;26-03-04 07:30:00;
2026-03-05 01:48:23;2026-03-05 07:20:40;46%;19936;13556;398;75%;false;0;0;0.0;0;15 ;Claros;102.12;;0.0;;;;;;159.86052;26-03-05 07:20:00;26-03-05 07:30:00;
2026-03-05 23:26:41;2026-03-06 07:19:12;82%;28350;23625;567;77%;false;0;0;0.50793654;0;15 ;Nuboso;;;0.0;22.52026;0.0625;;;;105.987404;26-03-06 07:20:00;26-03-06 07:30:00;
2026-03-06 23:04:37;2026-03-07 07:21:12;94%;29795;25723;595;83%;false;0;0;0.12082564;0;;;;;0.0;22.518406;0.0625;;;;83.424614;26-03-07 07:20:00;26-03-07 07:30:00;
2026-03-07 22:47:25;2026-03-08 07:21:32;91%;30847;26220;616;91%;false;0;0;0.23341006;0;;;;;0.0;22.557323;0.0625;;;;101.893295;26-03-08 07:20:00;26-03-08 07:30:00;
2026-03-10 01:00:40;2026-03-10 08:20:30;70%;26389;22343;527;85%;false;0;0;0.40926144;0;15 ;Nuboso;102.229996;Arrecife;0.0;23.03593;0.0625;;;;128.75104;26-03-10 08:20:00;26-03-10 08:30:00;
2026-03-10 22:32:19;2026-03-11 07:20:31;95%;31691;25353;633;72%;false;0;0;0.34079075;0;;;;;0.0;22.501465;0.0625;;;;96.274796;26-03-11 07:20:00;26-03-11 07:30:00;
2026-03-11 22:53:33;2026-03-12 07:21:35;88%;30482;25401;609;84%;false;0;0;0.0;0;15 ;Nuboso;;;0.0;22.507187;0.125;;;;107.88187;26-03-12 07:20:00;26-03-12 07:30:00;
2026-03-13 00:18:10;2026-03-13 07:20:49;79%;25359;21217;507;85%;false;0;0;0.56784576;0;15 ;Soleado;;;0.0;22.530077;0.125;;;;85.7301;26-03-13 07:20:00;26-03-13 07:30:00;
2026-03-13 23:15:26;2026-03-14 07:22:09;93%;29203;24628;584;92%;false;0;0;0.36982504;0;15 ;Claros;;;0.0;22.614027;0.0;;;;79.184105;26-03-14 07:20:00;26-03-14 07:30:00;
2026-03-14 22:59:15;2026-03-15 07:14:31;92%;29716;24367;594;92%;false;0;0;0.24229373;0;15 ;Claros;;;0.0;22.567577;0.125;;;;86.42871;26-03-15 07:20:00;26-03-15 07:30:00;
2026-03-16 00:08:54;2026-03-16 07:46:06;75%;27432;24140;548;91%;false;0;0;0.2624672;0;15 ;Claros;;;0.0;22.575188;0.125;;;;118.51;26-03-16 07:50:00;26-03-16 08:00:00;
2026-03-16 22:13:29;2026-03-17 07:52:39;65%;34749;30000;694;89%;false;0;0;0.4144004;0;14 ;Soleado;101.14;Arrecife;0.0;22.614555;0.0;;;;186.17148;26-03-17 07:50:00;26-03-17 08:00:00;
2026-03-18 23:32:23;2026-03-19 07:52:42;81%;30018;26316;600;86%;false;0;0;0.0;0;14 ;Nuboso;;;0.0;22.554031;0.0;;;;126.136444;26-03-19 07:50:00;26-03-19 08:00:00;